<?xml version="1.0" encoding="utf-8"?>
<extension method="upgrade" type="component" version="2.5.0">
    <name>com_eesender</name>
    <author>Elastic Email</author>
    <creationDate>2019-04-10</creationDate>
    <copyright>(C) 2019 Elastic Email </copyright>
    <authorEmail>supportteam@elasticemail.com</authorEmail>
    <authorUrl>https://elasticemail.com</authorUrl>
    <version>0.9.0</version>
    <license>http://www.gnu.org/copyleft/gpl.html GNU/GPL</license>
    <description>COM_EESENDER_DESC</description>
    <scriptfile>script.php</scriptfile>
    <files folder="components/com_eesender">
        <file>eesender.php</file>
    </files>
    <administration>
        <!-- Administration Menu Section -->
       <menu>COM_EESENDER_NAME</menu>
        <submenu>
			<!--
				Note that all & must be escaped to &amp; for the file to be valid
				XML and be parsed by the installer
			-->
			<menu link="option=com_eesender"
				alt="Elastic Email Sender/Settings">COM_EESENDER_SETTINGS_NAME</menu>
			<menu link="option=com_eesender&amp;view=reports"
				view="reports" alt="Elastic Email Sender/Reports">COM_EESENDER_REPORTS_NAME</menu>
		</submenu>
        <!-- Administration Main File Copy Section -->
        <files folder="administrator/components/com_eesender">
            <!-- Admin Main File Copy Section -->
            <filename>eesender.php</filename>
            <filename>controller.php</filename>
            <filename>config.xml</filename>
            <folder>helpers</folder>
            <!-- views files section -->
            <folder>views</folder>
        </files>>
    </administration>        
    
</extension>