<?xml version="1.0" encoding="utf-8"?>
<extension method="upgrade" type="component" version="2.5.0">
    <name>com_eesender</name>
    <author>Elastic Email</author>
    <creationDate>2019-04-10</creationDate>
    <copyright>(C) 2019 Elastic Email </copyright>
    <authorEmail>supportteam@elasticemail.com</authorEmail>
    <authorUrl>https://elasticemail.com</authorUrl>
    <version>0.9.6</version>
    <license>http://www.gnu.org/copyleft/gpl.html GNU/GPL</license>
    <description>Elastic Email is a simple, fast email delivery service for your transactional or marketing email management extension for Joomla that utilises the Elastic Email API to ensure the best possible experience for your users when sending emails. No monthly committments, no minimums, no limits on all the tools you need.</description>
    <scriptfile>script.php</scriptfile>
    <files folder="components/com_eesender">
        <file>eesender.php</file>
    </files>
      <updateservers>
        <server type="extension" priority="2" name="Elastic Email Sender Update">https://raw.githubusercontent.com/ElasticEmail/ElasticEmail.Joomla-EmailSend/master/ElasticEmail-update.xml</server>
    </updateservers>
    <administration>
  
        <!-- Administration Menu Section -->
       <menu>COM_EESENDER_NAME</menu>
        <submenu>
			<!--
				Note that all & must be escaped to &amp; for the file to be valid
				XML and be parsed by the installer
			-->
			<menu link="option=com_eesender"
				alt="Elastic Email Sender/Settings">COM_EESENDER_SETTINGS_NAME</menu>
			<menu link="option=com_eesender&amp;view=reports"
				view="reports" alt="Elastic Email Sender/Reports">COM_EESENDER_REPORTS_NAME</menu>
		</submenu>
        <!-- Administration Main File Copy Section -->
        <files folder="administrator/components/com_eesender">
            <!-- Admin Main File Copy Section -->
            <filename>eesender.php</filename>
            <filename>controller.php</filename>
            <filename>config.xml</filename>
            <folder>helpers</folder>
            <folder>views</folder>
        </files>
        <files folder="administrator/components/com_eesender/views">
        <folder>dashboard</folder>
        <folder>reports</folder>
        </files>
        <languages folder="administrator/components/com_eesender/language">
            <language tag="en-GB">en-GB/en-GB.com_eesender.ini</language>
            <language tag="en-GB">en-GB/en-GB.com_eesender.sys.ini</language>
        </languages>
    </administration>        
    <media destination="com_eesender" folder="media/com_eesender">
        <folder>css</folder>
        <folder>img</folder>
        <folder>js</folder>
    </media>
</extension>